gene,protein_change,drug_name,dG_WT,docking_wt_score,note
KCNQ2,T276I,HN37,-5.865,0.46625000000000005,ok
KCNQ2,T276I,Retigabine (Ezogabine),-5.615,0.40375000000000005,ok
KCNQ2,T276I,XEN1101,-5.965,0.49124999999999996,ok
KCNQ2,A306V,HN37,-5.879,0.4697499999999999,ok
KCNQ2,A306V,Retigabine (Ezogabine),-5.42,0.355,ok
KCNQ2,A306V,XEN1101,-6.066,0.5165,ok
KCNQ2,A306P,HN37,-5.874,0.4684999999999999,ok
KCNQ2,A306P,Retigabine (Ezogabine),-5.405,0.35125000000000006,ok
KCNQ2,A306P,XEN1101,-6.065,0.5162500000000001,ok
KCNQ1,L273F,Flecainide,-5.946,0.48649999999999993,ok
KCNQ1,L273F,ML277,-6.152,0.538,ok
KCNQ1,L273F,Mexiletine,-4.868,0.21700000000000008,ok
KCNQ1,L273I,Flecainide,-7.066,0.7665,ok
KCNQ1,L273I,ML277,-6.137,0.5342499999999999,ok
KCNQ1,L273I,Mexiletine,-4.872,0.21799999999999997,ok
KCNQ1,G306R,Flecainide,-6.265,0.5662499999999999,ok
KCNQ1,G306R,ML277,-6.133,0.53325,ok
KCNQ1,G306R,Mexiletine,-4.907,0.22675,ok
KCNQ3,I317T,Retigabine (Ezogabine),-5.89,0.4724999999999999,ok
KCNQ3,I317T,XEN1101,-6.722,0.6805000000000001,ok
KCNQ4,L281S,Retigabine (Ezogabine),-6.534,0.6335,ok
KCNQ4,T280K,Retigabine (Ezogabine),-6.449,0.61225,ok
KCNQ5,V145G,HN37,-5.4,0.3500000000000001,ok
KCNQ5,V145G,Retigabine (Ezogabine),-4.861,0.21524999999999994,ok
