model_name,path_weight,pocket_weight,region_weight,rarity_weight,auc_structural_responsive_current50,auc_structural_responsive_any,auc_structural_reaches_wt_current,auc_priority_responsive_current50,auc_priority_responsive_any,auc_priority_reaches_wt_current
drop_pocket,0.4615384615384615,0.0,0.3846153846153846,0.15384615384615385,0.9369747899159664,0.9732704402515724,0.4625,0.880952380952381,0.9323899371069183,0.7416666666666667
drop_region,0.39999999999999997,0.4666666666666666,0.0,0.13333333333333333,0.8865546218487395,0.9481132075471698,0.3666666666666666,0.8067226890756303,0.8805031446540881,0.6958333333333333
full_model,0.3,0.35,0.25,0.1,0.8893557422969187,0.9213836477987423,0.2833333333333333,0.8249299719887956,0.8726415094339622,0.6541666666666666
drop_rarity,0.33333333333333337,0.3888888888888889,0.2777777777777778,0.0,0.8893557422969187,0.9213836477987423,0.2833333333333333,0.8585434173669467,0.9088050314465409,0.6333333333333333
drop_path,0.0,0.5,0.35714285714285715,0.14285714285714288,0.7051820728291316,0.6988993710691823,0.24374999999999997,0.6631652661064427,0.6595911949685535,0.5458333333333334
