score_col,kruskal_statistic,p_value
structural_opportunity_score,42.852835487407674,2.6445778503005727e-09
rescue_priority_score,40.70376981753782,7.556970148674445e-09
